listener,level,metric,value,pvalue
1,Utterance,MSE,2.987304116569472,NaN
1,System,MSE,2.638636130393188,NaN
1,Utterance,LCC,0.5983591564402426,5.0828298841388315e-12
1,Utterance,SRCC,0.5795918183570213,3.2604585927761206e-11
1,Utterance,KTAU,0.4183213982318271,9.429130617780706e-11
1,System,LCC,0.7936387165470198,0.0035459687037215
1,System,SRCC,0.7818181818181819,0.004473162252783
1,System,KTAU,0.6727272727272727,0.0031063111271444
2,Utterance,MSE,0.6232752760628912,NaN
2,System,MSE,0.2299058401750557,NaN
2,Utterance,LCC,0.5326809597414304,2.098065710489441e-09
2,Utterance,SRCC,0.4925365059957757,4.6134297384644735e-08
2,Utterance,KTAU,0.3519105819189962,5.100880203942469e-08
2,System,LCC,0.7694638253939295,0.005621858598176
2,System,SRCC,0.6545454545454547,0.0288645989570018
2,System,KTAU,0.5272727272727272,0.026384479717813
3,Utterance,MSE,0.8424014368891658,NaN
3,System,MSE,0.3319777489045085,NaN
3,Utterance,LCC,0.5678566715300176,9.828567581396147e-11
3,Utterance,SRCC,0.549525952063021,5.063405490442172e-10
3,Utterance,KTAU,0.3939596414939545,1.0693535271814508e-09
3,System,LCC,0.8568010270370398,0.000754461158
3,System,SRCC,0.8181818181818182,0.0020831448404786
3,System,KTAU,0.7090909090909091,0.0015912097162097
4,Utterance,MSE,1.062801210409255,NaN
4,System,MSE,0.5278268693277264,NaN
4,Utterance,LCC,0.6646044837810468,2.4416943614998e-15
4,Utterance,SRCC,0.5797496089283648,3.211479480675205e-11
4,Utterance,KTAU,0.42199234787726,6.461189713945702e-11
4,System,LCC,0.9418313180393314,1.4857520029942106e-05
4,System,SRCC,0.7181818181818183,0.0127995980688584
4,System,KTAU,0.6000000000000001,0.00994553671637
5,Utterance,MSE,1.198765182437351,NaN
5,System,MSE,0.4211671363127564,NaN
5,Utterance,LCC,0.4378151989890041,1.7260512533826098e-06
5,Utterance,SRCC,0.4501539585329032,8.051559387104717e-07
5,Utterance,KTAU,0.3091940769539592,1.6972841445194177e-06
5,System,LCC,0.5619049492604151,0.0720147502790124
5,System,SRCC,0.6454545454545455,0.0319627993280174
5,System,KTAU,0.4909090909090909,0.0405323573031906
6,Utterance,MSE,0.7331893331873979,NaN
6,System,MSE,0.3017834063365898,NaN
6,Utterance,LCC,0.3501006556480373,0.0001773131182515
6,Utterance,SRCC,0.3703840622656905,6.809143023701615e-05
6,Utterance,KTAU,0.268146185464119,3.309657558124008e-05
6,System,LCC,0.53224250883056,0.0919120569620399
6,System,SRCC,0.6181818181818182,0.0426455698053266
6,System,KTAU,0.5636363636363636,0.0165405042488375
7,Utterance,MSE,0.8335162775679897,NaN
7,System,MSE,0.4406055468680687,NaN
7,Utterance,LCC,0.6560163282831857,7.324195032283454e-15
7,Utterance,SRCC,0.5552424790476951,3.0693219056125386e-10
7,Utterance,KTAU,0.4033038769550564,4.2829050707431343e-10
7,System,LCC,0.940714938207344,1.6158045136755187e-05
7,System,SRCC,0.6272727272727273,0.0388452536203533
7,System,KTAU,0.4545454545454545,0.0601701539201539
8,Utterance,MSE,1.1223576982108392,NaN
8,System,MSE,0.5437630485317245,NaN
8,Utterance,LCC,0.52520517030641,3.847018982887847e-09
8,Utterance,SRCC,0.4727270268391049,1.8422181387828773e-07
8,Utterance,KTAU,0.3268813797910448,4.18613483789454e-07
8,System,LCC,0.8051969824359123,0.0027851734103988
8,System,SRCC,0.6363636363636364,0.0352869812200622
8,System,KTAU,0.4909090909090909,0.0405323573031906
9,Utterance,MSE,0.6090062564626286,NaN
9,System,MSE,0.2108304952979889,NaN
9,Utterance,LCC,0.5988619884744049,4.8278716458443264e-12
9,Utterance,SRCC,0.5473980335009024,6.085927223216589e-10
9,Utterance,KTAU,0.384949128727892,2.534580495482972e-09
9,System,LCC,0.963574112030054,1.866181471803052e-06
9,System,SRCC,0.8909090909090911,0.0002334581703787
9,System,KTAU,0.7818181818181819,0.0003334435626102
10,Utterance,MSE,1.139883372649129,NaN
10,System,MSE,0.6698171601552485,NaN
10,Utterance,LCC,0.4869292361816446,6.888191205372217e-08
10,Utterance,SRCC,0.4123383210349163,7.603533302288412e-06
10,Utterance,KTAU,0.2915067741168735,6.401493415461995e-06
10,System,LCC,0.927991146198742,3.804179461425269e-05
10,System,SRCC,0.8454545454545455,0.0010451821458586
10,System,KTAU,0.7454545454545454,0.0007595298220298
11,Utterance,MSE,0.5676185849346975,NaN
11,System,MSE,0.1631782451239765,NaN
11,Utterance,LCC,0.5844477185508435,2.0387425599123787e-11
11,Utterance,SRCC,0.5741097230783432,5.489082188594821e-11
11,Utterance,KTAU,0.4049724904302531,3.6294648501888875e-10
11,System,LCC,0.91358615672406,8.46095633704753e-05
11,System,SRCC,0.9454545454545454,1.118303770149319e-05
11,System,KTAU,0.8545454545454545,4.624619207952541e-05
12,Utterance,MSE,1.1461393220894112,NaN
12,System,MSE,0.1478748252078886,NaN
12,Utterance,LCC,0.3804561943887792,4.132222300709295e-05
12,Utterance,SRCC,0.3864561590325387,3.044744344124271e-05
12,Utterance,KTAU,0.2698147989393157,2.9554458923997527e-05
12,System,LCC,0.7864588929609173,0.0040901003549442
12,System,SRCC,0.6454545454545455,0.0319627993280174
12,System,KTAU,0.4545454545454545,0.0601701539201539
13,Utterance,MSE,1.0653041591578605,NaN
13,System,MSE,0.5965258255494702,NaN
13,Utterance,LCC,0.4252241023748249,3.6463116921322432e-06
13,Utterance,SRCC,0.4426746854512198,1.2828439541615908e-06
13,Utterance,KTAU,0.2998498414928573,3.4533616046425565e-06
13,System,LCC,0.7366028050999612,0.0097234446568201
13,System,SRCC,0.8090909090909091,0.0025585801997139
13,System,KTAU,0.6363636363636364,0.0057071709155042
14,Utterance,MSE,2.391837602620579,NaN
14,System,MSE,1.878852920771917,NaN
14,Utterance,LCC,0.3500571511285189,0.0001776653509775
14,Utterance,SRCC,0.3680532701118446,7.625675194001268e-05
14,Utterance,KTAU,0.2521274961022301,9.498261205316993e-05
14,System,LCC,0.7030097128672527,0.0158167157498835
14,System,SRCC,0.7545454545454545,0.0072820410084291
14,System,KTAU,0.6000000000000001,0.00994553671637
15,Utterance,MSE,0.9061882281903364,NaN
15,System,MSE,0.3590955920515938,NaN
15,Utterance,LCC,0.4580863247031622,4.852987423777619e-07
15,Utterance,SRCC,0.4069689333071978,1.023695874096097e-05
15,Utterance,KTAU,0.2714834124145125,2.6374597290576545e-05
15,System,LCC,0.9024944015124152,0.0001433130385828
15,System,SRCC,0.6727272727272727,0.0233130398331859
15,System,KTAU,0.5636363636363636,0.0165405042488375
16,Utterance,MSE,0.8973132967204929,NaN
16,System,MSE,0.4749897883007921,NaN
16,Utterance,LCC,0.6305442593226087,1.5597151408340813e-13
16,Utterance,SRCC,0.5281701253071835,3.030120284874799e-09
16,Utterance,KTAU,0.3589187585148226,2.756354638834485e-08
16,System,LCC,0.943608858512713,1.29545780475947e-05
16,System,SRCC,0.7363636363636363,0.0097595359599169
16,System,KTAU,0.5636363636363636,0.0165405042488375
17,Utterance,MSE,1.3566012723133192,NaN
17,System,MSE,0.9076517603844302,NaN
17,Utterance,LCC,0.5389451119267692,1.2479603034106011e-09
17,Utterance,SRCC,0.4781279726810921,1.2739189875383204e-07
17,Utterance,KTAU,0.3218755393654545,6.267083228421194e-07
17,System,LCC,0.9039126953364878,0.0001344511994019
17,System,SRCC,0.8363636363636365,0.0013331850799508
17,System,KTAU,0.7090909090909091,0.0015912097162097
18,Utterance,MSE,1.0502360477287096,NaN
18,System,MSE,0.628396192212523,NaN
18,Utterance,LCC,0.4777890160494925,1.3039980762456918e-07
18,Utterance,SRCC,0.4319855013182052,2.4493865473639898e-06
18,Utterance,KTAU,0.2951777237623064,4.888806086997826e-06
18,System,LCC,0.6403111250895214,0.0338152603714265
18,System,SRCC,0.5909090909090909,0.0555756042887746
18,System,KTAU,0.4181818181818181,0.0865612473945807
19,Utterance,MSE,2.1807778893752463,NaN
19,System,MSE,1.677238456869494,NaN
19,Utterance,LCC,0.2087780291318238,0.0286077699499709
19,Utterance,SRCC,0.2426999319345048,0.010628021031748
19,Utterance,KTAU,0.16469215000192,0.0107871456323392
19,System,LCC,0.5544707912530071,0.0767003778683001
19,System,SRCC,0.8454545454545455,0.0010451821458586
19,System,KTAU,0.6727272727272727,0.0031063111271444
20,Utterance,MSE,0.6743732260012313,NaN
20,System,MSE,0.2139260756637662,NaN
20,Utterance,LCC,0.4815536974529319,1.0048299448726623e-07
20,Utterance,SRCC,0.475783655621131,1.496290366192862e-07
20,Utterance,KTAU,0.3332221109967925,2.490019985233816e-07
20,System,LCC,0.6827527850907346,0.0205999529561889
20,System,SRCC,0.6636363636363638,0.0259841339187655
20,System,KTAU,0.5272727272727272,0.026384479717813
21,Utterance,MSE,1.425728759175739,NaN
21,System,MSE,1.0164351740961943,NaN
21,Utterance,LCC,0.2135532417156368,0.025085262484928
21,Utterance,SRCC,0.2222908486067286,0.0195927952772119
21,Utterance,KTAU,0.1510095195053065,0.019402536806658
21,System,LCC,0.6108074042415842,0.0459114988902861
21,System,SRCC,0.7363636363636363,0.0097595359599169
21,System,KTAU,0.6000000000000001,0.00994553671637
