,filename,input,dict,metric,value
0,FY-02-2515,feature,phonerec,cer,0.2666666805744171
1,FY-02-711,feature,phonerec,cer,0.2474226802587509
2,FY-02-1429,feature,phonerec,cer,0.3014705777168274
3,FY-02-1338,feature,phonerec,cer,0.3076923191547394
4,FY-02-1937,feature,phonerec,cer,0.3939394056797027
5,FY-02-2678,feature,phonerec,cer,0.3235294222831726
6,FY-02-2851,feature,phonerec,cer,0.3037036955356598
7,FY-02-2016,feature,phonerec,cer,0.375
8,FY-02-510,feature,phonerec,cer,0.3333333432674408
9,FY-02-474,feature,phonerec,cer,0.3816793859004974
10,FY-02-2509,feature,phonerec,cer,0.3650793731212616
11,FY-02-1726,feature,phonerec,cer,0.337349385023117
12,FY-02-962,feature,phonerec,cer,0.3189655244350433
13,FY-02-2853,feature,phonerec,cer,0.3975903689861297
14,FY-02-543,feature,phonerec,cer,0.3508771955966949
15,FY-02-1501,feature,phonerec,cer,0.3120000064373016
16,FY-02-2208,feature,phonerec,cer,0.3503649532794952
17,FY-02-857,feature,phonerec,cer,0.5057471394538879
18,FY-02-2499,feature,phonerec,cer,0.1770833283662796
19,FY-02-684,feature,phonerec,cer,0.4000000059604645
20,FY-02-261,feature,phonerec,cer,0.4512194991111755
21,FY-02-1092,feature,phonerec,cer,0.2474226802587509
22,FY-02-365,feature,phonerec,cer,0.4000000059604645
23,FY-02-905,feature,phonerec,cer,0.3863636255264282
24,FY-02-3075,feature,phonerec,cer,0.3461538553237915
25,FY-02-519,feature,phonerec,cer,0.3174603283405304
26,FY-02-68,feature,phonerec,cer,0.4018691480159759
27,FY-02-2616,feature,phonerec,cer,0.4318181872367859
28,FY-02-1222,feature,phonerec,cer,0.4027777910232544
29,FY-02-2384,feature,phonerec,cer,0.3308270573616028
30,FY-02-2162,feature,phonerec,cer,0.2666666805744171
31,FY-02-1888,feature,phonerec,cer,0.3235294222831726
32,FY-02-1093,feature,phonerec,cer,0.2727272808551788
33,FY-02-456,feature,phonerec,cer,0.2820512950420379
34,FY-02-3037,feature,phonerec,cer,0.2677165269851684
35,FY-02-3211,feature,phonerec,cer,0.4244604408740997
36,FY-02-1372,feature,phonerec,cer,0.3076923191547394
37,FY-02-3288,feature,phonerec,cer,0.3684210479259491
38,FY-02-24,feature,phonerec,cer,0.3162393271923065
39,FY-02-2327,feature,phonerec,cer,0.5196078419685364
40,FY-02-2573,feature,phonerec,cer,0.3253012001514435
41,FY-02-1253,feature,phonerec,cer,0.2377049177885055
42,FY-02-803,feature,phonerec,cer,0.302752286195755
43,FY-02-2069,feature,phonerec,cer,0.4109589159488678
44,FY-02-2773,feature,phonerec,cer,0.4313725531101227
45,FY-02-3192,feature,phonerec,cer,0.2424242496490478
46,FY-02-3364,feature,phonerec,cer,0.4358974397182464
47,FY-02-2337,feature,phonerec,cer,0.3287671208381653
48,FY-02-241,feature,phonerec,cer,0.3333333432674408
49,FY-02-571,feature,phonerec,cer,0.4852941036224365
50,FY-02-2574,feature,phonerec,cer,0.3720930218696594
51,FY-02-284,feature,phonerec,cer,0.3258427083492279
52,FY-02-1563,feature,phonerec,cer,0.3097345232963562
53,FY-02-599,feature,phonerec,cer,0.3827160596847534
54,FY-02-2876,feature,phonerec,cer,0.1333333402872085
55,FY-02-1529,feature,phonerec,cer,0.4000000059604645
56,FY-02-3026,feature,phonerec,cer,0.1212121248245239
57,FY-02-2769,feature,phonerec,cer,0.3478260934352875
58,FY-02-1256,feature,phonerec,cer,0.3333333432674408
59,FY-02-2508,feature,phonerec,cer,0.2363636344671249
60,FY-02-3349,feature,phonerec,cer,0.2795698940753937
61,FY-02-3295,feature,phonerec,cer,0.2857142984867096
62,FY-02-2200,feature,phonerec,cer,0.3648648560047149
63,FY-02-521,feature,phonerec,cer,0.3116883039474487
64,FY-02-382,feature,phonerec,cer,0.3689320385456085
65,FY-02-946,feature,phonerec,cer,0.2137930989265442
66,FY-02-1939,feature,phonerec,cer,0.4722222089767456
67,FY-02-1370,feature,phonerec,cer,0.3913043439388275
68,FY-02-642,feature,phonerec,cer,0.2543859779834747
69,FY-02-1556,feature,phonerec,cer,0.3131313025951385
70,FY-02-3320,feature,phonerec,cer,0.472972959280014
71,FY-02-2719,feature,phonerec,cer,0.4210526347160339
72,FY-02-193,feature,phonerec,cer,0.4356435537338257
73,FY-02-2668,feature,phonerec,cer,0.3684210479259491
74,FY-02-1475,feature,phonerec,cer,0.2933333218097687
75,FY-02-1300,feature,phonerec,cer,0.2781955003738403
76,FY-02-1360,feature,phonerec,cer,0.6352941393852234
77,FY-02-896,feature,phonerec,cer,0.125
78,FY-02-3287,feature,phonerec,cer,0.1818181872367859
79,FY-02-3416,feature,phonerec,cer,0.3773584961891174
80,FY-02-2220,feature,phonerec,cer,0.4528301954269409
81,FY-02-1143,feature,phonerec,cer,0.34375
82,FY-02-223,feature,phonerec,cer,0.2857142984867096
83,FY-02-2458,feature,phonerec,cer,0.2769230902194977
84,FY-02-573,feature,phonerec,cer,0.3333333432674408
85,FY-02-2531,feature,phonerec,cer,0.3269230723381042
86,FY-02-2554,feature,phonerec,cer,0.3870967626571655
87,FY-02-1110,feature,phonerec,cer,0.2957746386528015
88,FY-02-929,feature,phonerec,cer,0.2978723347187042
89,FY-02-1299,feature,phonerec,cer,0.3846153914928436
90,FY-02-1030,feature,phonerec,cer,0.3882353007793426
91,FY-02-342,feature,phonerec,cer,0.5
92,FY-02-2345,feature,phonerec,cer,0.4285714328289032
93,FY-02-1533,feature,phonerec,cer,0.3909091055393219
94,FY-02-1126,feature,phonerec,cer,0.353658527135849
95,FY-02-238,feature,phonerec,cer,0.2972972989082336
96,FY-02-1220,feature,phonerec,cer,0.3571428656578064
97,FY-02-2228,feature,phonerec,cer,0.3440860211849212
98,FY-02-201,feature,phonerec,cer,0.3333333432674408
99,FY-02-3326,feature,phonerec,cer,0.4383561611175537
100,FY-02-2515,feature,g2p,cer,0.3000000119209289
101,FY-02-711,feature,g2p,cer,0.2371134012937545
102,FY-02-1429,feature,g2p,cer,0.2720588147640228
103,FY-02-1338,feature,g2p,cer,0.2153846174478531
104,FY-02-1937,feature,g2p,cer,0.4848484992980957
105,FY-02-2678,feature,g2p,cer,0.3823529481887817
106,FY-02-2851,feature,g2p,cer,0.2814814746379852
107,FY-02-2016,feature,g2p,cer,0.3055555522441864
108,FY-02-510,feature,g2p,cer,0.3229166567325592
109,FY-02-474,feature,g2p,cer,0.2671755850315094
110,FY-02-2509,feature,g2p,cer,0.2222222238779068
111,FY-02-1726,feature,g2p,cer,0.1566265076398849
112,FY-02-962,feature,g2p,cer,0.2844827473163605
113,FY-02-2853,feature,g2p,cer,0.3253012001514435
114,FY-02-543,feature,g2p,cer,0.3508771955966949
115,FY-02-1501,feature,g2p,cer,0.2879999876022339
116,FY-02-2208,feature,g2p,cer,0.1459853947162628
117,FY-02-857,feature,g2p,cer,0.2528735697269439
118,FY-02-2499,feature,g2p,cer,0.1666666716337204
119,FY-02-684,feature,g2p,cer,0.2000000029802322
120,FY-02-261,feature,g2p,cer,0.3048780560493469
121,FY-02-1092,feature,g2p,cer,0.3298968970775604
122,FY-02-365,feature,g2p,cer,0.2599999904632568
123,FY-02-905,feature,g2p,cer,0.0681818202137947
124,FY-02-3075,feature,g2p,cer,0.0961538478732109
125,FY-02-519,feature,g2p,cer,0.3650793731212616
126,FY-02-68,feature,g2p,cer,0.3177570104598999
127,FY-02-2616,feature,g2p,cer,0.2878787815570831
128,FY-02-1222,feature,g2p,cer,0.3333333432674408
129,FY-02-2384,feature,g2p,cer,0.2255639135837555
130,FY-02-2162,feature,g2p,cer,0.2833333313465118
131,FY-02-1888,feature,g2p,cer,0.2352941185235977
132,FY-02-1093,feature,g2p,cer,0.219696968793869
133,FY-02-456,feature,g2p,cer,0.1794871836900711
134,FY-02-3037,feature,g2p,cer,0.3385826647281647
135,FY-02-3211,feature,g2p,cer,0.3237410187721252
136,FY-02-1372,feature,g2p,cer,0.2237762212753296
137,FY-02-3288,feature,g2p,cer,0.5263158082962036
138,FY-02-24,feature,g2p,cer,0.2307692319154739
139,FY-02-2327,feature,g2p,cer,0.2352941185235977
140,FY-02-2573,feature,g2p,cer,0.2168674767017364
141,FY-02-1253,feature,g2p,cer,0.2377049177885055
142,FY-02-803,feature,g2p,cer,0.3302752375602722
143,FY-02-2069,feature,g2p,cer,0.3150684833526611
144,FY-02-2773,feature,g2p,cer,0.5686274766921997
145,FY-02-3192,feature,g2p,cer,0.0606060624122619
146,FY-02-3364,feature,g2p,cer,0.3162393271923065
147,FY-02-2337,feature,g2p,cer,0.2808219194412231
148,FY-02-241,feature,g2p,cer,0.2708333432674408
149,FY-02-571,feature,g2p,cer,0.2352941185235977
150,FY-02-2574,feature,g2p,cer,0.3372093141078949
151,FY-02-284,feature,g2p,cer,0.2247191071510315
152,FY-02-1563,feature,g2p,cer,0.3539822995662689
153,FY-02-599,feature,g2p,cer,0.2716049253940582
154,FY-02-2876,feature,g2p,cer,0.1333333402872085
155,FY-02-1529,feature,g2p,cer,0.550000011920929
156,FY-02-3026,feature,g2p,cer,0.3030303120613098
157,FY-02-2769,feature,g2p,cer,0.3768115937709808
158,FY-02-1256,feature,g2p,cer,0.1367521435022354
159,FY-02-2508,feature,g2p,cer,0.3272727131843567
160,FY-02-3349,feature,g2p,cer,0.3225806355476379
161,FY-02-3295,feature,g2p,cer,0.1558441519737243
162,FY-02-2200,feature,g2p,cer,0.1824324280023574
163,FY-02-521,feature,g2p,cer,0.1558441519737243
164,FY-02-382,feature,g2p,cer,0.3203883469104767
165,FY-02-946,feature,g2p,cer,0.1379310339689254
166,FY-02-1939,feature,g2p,cer,0.3240740597248077
167,FY-02-1370,feature,g2p,cer,0.2173912972211837
168,FY-02-642,feature,g2p,cer,0.1666666716337204
169,FY-02-1556,feature,g2p,cer,0.2424242496490478
170,FY-02-3320,feature,g2p,cer,0.4459459483623504
171,FY-02-2719,feature,g2p,cer,0.3684210479259491
172,FY-02-193,feature,g2p,cer,0.3069306910037994
173,FY-02-2668,feature,g2p,cer,0.328947365283966
174,FY-02-1475,feature,g2p,cer,0.3466666638851166
175,FY-02-1300,feature,g2p,cer,0.0827067643404007
176,FY-02-1360,feature,g2p,cer,0.211764708161354
177,FY-02-896,feature,g2p,cer,0.25
178,FY-02-3287,feature,g2p,cer,0.0909090936183929
179,FY-02-3416,feature,g2p,cer,0.3679245412349701
180,FY-02-2220,feature,g2p,cer,0.2547169923782348
181,FY-02-1143,feature,g2p,cer,0.3125
182,FY-02-223,feature,g2p,cer,0.2232142835855484
183,FY-02-2458,feature,g2p,cer,0.3076923191547394
184,FY-02-573,feature,g2p,cer,0.1538461595773697
185,FY-02-2531,feature,g2p,cer,0.2980769276618957
186,FY-02-2554,feature,g2p,cer,0.1935483813285827
187,FY-02-1110,feature,g2p,cer,0.2112676054239273
188,FY-02-929,feature,g2p,cer,0.2872340381145477
189,FY-02-1299,feature,g2p,cer,0.2000000029802322
190,FY-02-1030,feature,g2p,cer,0.4352941215038299
191,FY-02-342,feature,g2p,cer,0.3529411852359772
192,FY-02-2345,feature,g2p,cer,0.3035714328289032
193,FY-02-1533,feature,g2p,cer,0.2545454502105713
194,FY-02-1126,feature,g2p,cer,0.3170731663703918
195,FY-02-238,feature,g2p,cer,0.2612612545490265
196,FY-02-1220,feature,g2p,cer,0.3214285671710968
197,FY-02-2228,feature,g2p,cer,0.1505376398563385
198,FY-02-201,feature,g2p,cer,0.3821138143539428
199,FY-02-3326,feature,g2p,cer,0.4246575236320495
200,FY-02-2515,feature,real,cer,0.0
201,FY-02-711,feature,real,cer,0.2268041223287582
202,FY-02-1429,feature,real,cer,0.2205882370471954
203,FY-02-1338,feature,real,cer,0.1461538523435592
204,FY-02-1937,feature,real,cer,0.3333333432674408
205,FY-02-2678,feature,real,cer,0.2745098173618316
206,FY-02-2851,feature,real,cer,0.1407407373189926
207,FY-02-2016,feature,real,cer,0.3055555522441864
208,FY-02-510,feature,real,cer,0.1666666716337204
209,FY-02-474,feature,real,cer,0.2061068713665008
210,FY-02-2509,feature,real,cer,0.2698412835597992
211,FY-02-1726,feature,real,cer,0.2891566157341003
212,FY-02-962,feature,real,cer,0.25
213,FY-02-2853,feature,real,cer,0.22891566157341
214,FY-02-543,feature,real,cer,0.2456140369176864
215,FY-02-1501,feature,real,cer,0.2000000029802322
216,FY-02-2208,feature,real,cer,0.131386861205101
217,FY-02-857,feature,real,cer,0.2873563170433044
218,FY-02-2499,feature,real,cer,0.0833333358168602
219,FY-02-684,feature,real,cer,0.2470588237047195
220,FY-02-261,feature,real,cer,0.3292683064937591
221,FY-02-1092,feature,real,cer,0.1958762854337692
222,FY-02-365,feature,real,cer,0.1800000071525573
223,FY-02-905,feature,real,cer,0.2272727340459823
224,FY-02-3075,feature,real,cer,0.2115384638309478
225,FY-02-519,feature,real,cer,0.1190476194024086
226,FY-02-68,feature,real,cer,0.2897196114063263
227,FY-02-2616,feature,real,cer,0.1969697028398513
228,FY-02-1222,feature,real,cer,0.3055555522441864
229,FY-02-2384,feature,real,cer,0.1804511249065399
230,FY-02-2162,feature,real,cer,0.116666667163372
231,FY-02-1888,feature,real,cer,0.2745098173618316
232,FY-02-1093,feature,real,cer,0.0909090936183929
233,FY-02-456,feature,real,cer,0.2307692319154739
234,FY-02-3037,feature,real,cer,0.2598425149917602
235,FY-02-3211,feature,real,cer,0.2733812928199768
236,FY-02-1372,feature,real,cer,0.2307692319154739
237,FY-02-3288,feature,real,cer,0.3859649002552032
238,FY-02-24,feature,real,cer,0.2136752158403396
239,FY-02-2327,feature,real,cer,0.2352941185235977
240,FY-02-2573,feature,real,cer,0.22891566157341
241,FY-02-1253,feature,real,cer,0.1229508221149444
242,FY-02-803,feature,real,cer,0.1467889845371246
243,FY-02-2069,feature,real,cer,0.2191780805587768
244,FY-02-2773,feature,real,cer,0.2549019753932953
245,FY-02-3192,feature,real,cer,0.2575757503509521
246,FY-02-3364,feature,real,cer,0.2905983030796051
247,FY-02-2337,feature,real,cer,0.1917808204889297
248,FY-02-241,feature,real,cer,0.2916666567325592
249,FY-02-571,feature,real,cer,0.2647058963775635
250,FY-02-2574,feature,real,cer,0.1279069781303405
251,FY-02-284,feature,real,cer,0.1685393303632736
252,FY-02-1563,feature,real,cer,0.3185840845108032
253,FY-02-599,feature,real,cer,0.1358024626970291
254,FY-02-2876,feature,real,cer,0.1777777820825576
255,FY-02-1529,feature,real,cer,0.550000011920929
256,FY-02-3026,feature,real,cer,0.1212121248245239
257,FY-02-2769,feature,real,cer,0.2971014380455017
258,FY-02-1256,feature,real,cer,0.1965811997652053
259,FY-02-2508,feature,real,cer,0.2727272808551788
260,FY-02-3349,feature,real,cer,0.2903225719928741
261,FY-02-3295,feature,real,cer,0.1688311696052551
262,FY-02-2200,feature,real,cer,0.236486479640007
263,FY-02-521,feature,real,cer,0.129870131611824
264,FY-02-382,feature,real,cer,0.2621359229087829
265,FY-02-946,feature,real,cer,0.1172413825988769
266,FY-02-1939,feature,real,cer,0.3055555522441864
267,FY-02-1370,feature,real,cer,0.2173912972211837
268,FY-02-642,feature,real,cer,0.1052631586790084
269,FY-02-1556,feature,real,cer,0.2828282713890075
270,FY-02-3320,feature,real,cer,0.3243243098258972
271,FY-02-2719,feature,real,cer,0.2105263173580169
272,FY-02-193,feature,real,cer,0.1485148519277572
273,FY-02-2668,feature,real,cer,0.2236842066049575
274,FY-02-1475,feature,real,cer,0.2533333301544189
275,FY-02-1300,feature,real,cer,0.120300754904747
276,FY-02-1360,feature,real,cer,0.3529411852359772
277,FY-02-896,feature,real,cer,0.0
278,FY-02-3287,feature,real,cer,0.1022727265954017
279,FY-02-3416,feature,real,cer,0.3113207519054413
280,FY-02-2220,feature,real,cer,0.2264150977134704
281,FY-02-1143,feature,real,cer,0.046875
282,FY-02-223,feature,real,cer,0.0892857164144516
283,FY-02-2458,feature,real,cer,0.1230769231915474
284,FY-02-573,feature,real,cer,0.410256415605545
285,FY-02-2531,feature,real,cer,0.1730769276618957
286,FY-02-2554,feature,real,cer,0.2096774131059646
287,FY-02-1110,feature,real,cer,0.1830985844135284
288,FY-02-929,feature,real,cer,0.1382978707551956
289,FY-02-1299,feature,real,cer,0.2000000029802322
290,FY-02-1030,feature,real,cer,0.3764705955982208
291,FY-02-342,feature,real,cer,0.4705882370471954
292,FY-02-2345,feature,real,cer,0.3214285671710968
293,FY-02-1533,feature,real,cer,0.2181818187236786
294,FY-02-1126,feature,real,cer,0.1097560971975326
295,FY-02-238,feature,real,cer,0.1531531512737274
296,FY-02-1220,feature,real,cer,0.1547619104385376
297,FY-02-2228,feature,real,cer,0.2043010741472244
298,FY-02-201,feature,real,cer,0.2845528423786163
299,FY-02-3326,feature,real,cer,0.1917808204889297
300,FY-02-2515,phone,phonerec,cer,0.3000000119209289
301,FY-02-711,phone,phonerec,cer,0.2680412232875824
302,FY-02-1429,phone,phonerec,cer,0.3382352888584137
303,FY-02-1338,phone,phonerec,cer,0.3538461625576019
304,FY-02-1937,phone,phonerec,cer,0.3030303120613098
305,FY-02-2678,phone,phonerec,cer,0.3333333432674408
306,FY-02-2851,phone,phonerec,cer,0.2962962985038757
307,FY-02-2016,phone,phonerec,cer,0.3333333432674408
308,FY-02-510,phone,phonerec,cer,0.4479166567325592
309,FY-02-474,phone,phonerec,cer,0.2977099120616913
310,FY-02-2509,phone,phonerec,cer,0.3333333432674408
311,FY-02-1726,phone,phonerec,cer,0.3253012001514435
312,FY-02-962,phone,phonerec,cer,0.2327586263418197
313,FY-02-2853,phone,phonerec,cer,0.337349385023117
314,FY-02-543,phone,phonerec,cer,0.4122807085514068
315,FY-02-1501,phone,phonerec,cer,0.2560000121593475
316,FY-02-2208,phone,phonerec,cer,0.2700729966163635
317,FY-02-857,phone,phonerec,cer,0.4482758641242981
318,FY-02-2499,phone,phonerec,cer,0.28125
319,FY-02-684,phone,phonerec,cer,0.3411764800548553
320,FY-02-261,phone,phonerec,cer,0.3048780560493469
321,FY-02-1092,phone,phonerec,cer,0.2164948433637619
322,FY-02-365,phone,phonerec,cer,0.4866666793823242
323,FY-02-905,phone,phonerec,cer,0.2045454531908035
324,FY-02-3075,phone,phonerec,cer,0.5384615659713745
325,FY-02-519,phone,phonerec,cer,0.3888888955116272
326,FY-02-68,phone,phonerec,cer,0.2710280418395996
327,FY-02-2616,phone,phonerec,cer,0.3939394056797027
328,FY-02-1222,phone,phonerec,cer,0.3888888955116272
329,FY-02-2384,phone,phonerec,cer,0.3533834517002105
330,FY-02-2162,phone,phonerec,cer,0.2833333313465118
331,FY-02-1888,phone,phonerec,cer,0.3333333432674408
332,FY-02-1093,phone,phonerec,cer,0.3939394056797027
333,FY-02-456,phone,phonerec,cer,0.5641025900840759
334,FY-02-3037,phone,phonerec,cer,0.3070866167545318
335,FY-02-3211,phone,phonerec,cer,0.4460431635379791
336,FY-02-1372,phone,phonerec,cer,0.3636363744735718
337,FY-02-3288,phone,phonerec,cer,0.5263158082962036
338,FY-02-24,phone,phonerec,cer,0.3247863352298736
339,FY-02-2327,phone,phonerec,cer,0.4313725531101227
340,FY-02-2573,phone,phonerec,cer,0.3975903689861297
341,FY-02-1253,phone,phonerec,cer,0.2704918086528778
342,FY-02-803,phone,phonerec,cer,0.3394495546817779
343,FY-02-2069,phone,phonerec,cer,0.3013698756694793
344,FY-02-2773,phone,phonerec,cer,0.2745098173618316
345,FY-02-3192,phone,phonerec,cer,0.1212121248245239
346,FY-02-3364,phone,phonerec,cer,0.3589743673801422
347,FY-02-2337,phone,phonerec,cer,0.267123281955719
348,FY-02-241,phone,phonerec,cer,0.3541666567325592
349,FY-02-571,phone,phonerec,cer,0.4852941036224365
350,FY-02-2574,phone,phonerec,cer,0.3139534890651703
351,FY-02-284,phone,phonerec,cer,0.3595505654811859
352,FY-02-1563,phone,phonerec,cer,0.2831858396530151
353,FY-02-599,phone,phonerec,cer,0.2469135820865631
354,FY-02-2876,phone,phonerec,cer,0.2222222238779068
355,FY-02-1529,phone,phonerec,cer,0.3499999940395355
356,FY-02-3026,phone,phonerec,cer,0.2121212184429168
357,FY-02-2769,phone,phonerec,cer,0.2971014380455017
358,FY-02-1256,phone,phonerec,cer,0.2991453111171722
359,FY-02-2508,phone,phonerec,cer,0.3272727131843567
360,FY-02-3349,phone,phonerec,cer,0.2903225719928741
361,FY-02-3295,phone,phonerec,cer,0.2467532455921173
362,FY-02-2200,phone,phonerec,cer,0.2635135054588318
363,FY-02-521,phone,phonerec,cer,0.3636363744735718
364,FY-02-382,phone,phonerec,cer,0.3883495032787323
365,FY-02-946,phone,phonerec,cer,0.3241379261016845
366,FY-02-1939,phone,phonerec,cer,0.3703703582286834
367,FY-02-1370,phone,phonerec,cer,0.3260869681835174
368,FY-02-642,phone,phonerec,cer,0.3333333432674408
369,FY-02-1556,phone,phonerec,cer,0.4343434274196625
370,FY-02-3320,phone,phonerec,cer,0.4054054021835327
371,FY-02-2719,phone,phonerec,cer,0.5789473652839661
372,FY-02-193,phone,phonerec,cer,0.3663366436958313
373,FY-02-2668,phone,phonerec,cer,0.3552631437778473
374,FY-02-1475,phone,phonerec,cer,0.3466666638851166
375,FY-02-1300,phone,phonerec,cer,0.2030075192451477
376,FY-02-1360,phone,phonerec,cer,0.4470588266849518
377,FY-02-896,phone,phonerec,cer,0.0625
378,FY-02-3287,phone,phonerec,cer,0.1818181872367859
379,FY-02-3416,phone,phonerec,cer,0.2641509473323822
380,FY-02-2220,phone,phonerec,cer,0.4433962404727936
381,FY-02-1143,phone,phonerec,cer,0.328125
382,FY-02-223,phone,phonerec,cer,0.2767857015132904
383,FY-02-2458,phone,phonerec,cer,0.2153846174478531
384,FY-02-573,phone,phonerec,cer,0.3846153914928436
385,FY-02-2531,phone,phonerec,cer,0.3461538553237915
386,FY-02-2554,phone,phonerec,cer,0.2580645084381103
387,FY-02-1110,phone,phonerec,cer,0.3028168976306915
388,FY-02-929,phone,phonerec,cer,0.1914893686771392
389,FY-02-1299,phone,phonerec,cer,0.2923077046871185
390,FY-02-1030,phone,phonerec,cer,0.3294117748737335
391,FY-02-342,phone,phonerec,cer,0.294117659330368
392,FY-02-2345,phone,phonerec,cer,0.3571428656578064
393,FY-02-1533,phone,phonerec,cer,0.3090909123420715
394,FY-02-1126,phone,phonerec,cer,0.2560975551605224
395,FY-02-238,phone,phonerec,cer,0.3693693578243255
396,FY-02-1220,phone,phonerec,cer,0.2857142984867096
397,FY-02-2228,phone,phonerec,cer,0.4193548262119293
398,FY-02-201,phone,phonerec,cer,0.3333333432674408
399,FY-02-3326,phone,phonerec,cer,0.3013698756694793
400,FY-02-2515,phone,g2p,cer,0.2666666805744171
401,FY-02-711,phone,g2p,cer,0.1546391695737838
402,FY-02-1429,phone,g2p,cer,0.3014705777168274
403,FY-02-1338,phone,g2p,cer,0.2384615391492843
404,FY-02-1937,phone,g2p,cer,0.4242424368858337
405,FY-02-2678,phone,g2p,cer,0.343137264251709
406,FY-02-2851,phone,g2p,cer,0.3481481373310089
407,FY-02-2016,phone,g2p,cer,0.2083333283662796
408,FY-02-510,phone,g2p,cer,0.1770833283662796
409,FY-02-474,phone,g2p,cer,0.2671755850315094
410,FY-02-2509,phone,g2p,cer,0.2380952388048172
411,FY-02-1726,phone,g2p,cer,0.2048192769289016
412,FY-02-962,phone,g2p,cer,0.2327586263418197
413,FY-02-2853,phone,g2p,cer,0.3012048304080963
414,FY-02-543,phone,g2p,cer,0.2807017564773559
415,FY-02-1501,phone,g2p,cer,0.1360000073909759
416,FY-02-2208,phone,g2p,cer,0.2481751888990402
417,FY-02-857,phone,g2p,cer,0.1839080452919006
418,FY-02-2499,phone,g2p,cer,0.15625
419,FY-02-684,phone,g2p,cer,0.2352941185235977
420,FY-02-261,phone,g2p,cer,0.2682926952838897
421,FY-02-1092,phone,g2p,cer,0.2783505022525787
422,FY-02-365,phone,g2p,cer,0.2399999946355819
423,FY-02-905,phone,g2p,cer,0.1363636404275894
424,FY-02-3075,phone,g2p,cer,0.25
425,FY-02-519,phone,g2p,cer,0.1984127014875412
426,FY-02-68,phone,g2p,cer,0.2990654110908508
427,FY-02-2616,phone,g2p,cer,0.3409090936183929
428,FY-02-1222,phone,g2p,cer,0.3472222089767456
429,FY-02-2384,phone,g2p,cer,0.2857142984867096
430,FY-02-2162,phone,g2p,cer,0.1000000014901161
431,FY-02-1888,phone,g2p,cer,0.2254901975393295
432,FY-02-1093,phone,g2p,cer,0.2272727340459823
433,FY-02-456,phone,g2p,cer,0.2051282078027725
434,FY-02-3037,phone,g2p,cer,0.1496063023805618
435,FY-02-3211,phone,g2p,cer,0.2446043193340301
436,FY-02-1372,phone,g2p,cer,0.2027972042560577
437,FY-02-3288,phone,g2p,cer,0.4035087823867798
438,FY-02-24,phone,g2p,cer,0.1794871836900711
439,FY-02-2327,phone,g2p,cer,0.2745098173618316
440,FY-02-2573,phone,g2p,cer,0.1807228922843933
441,FY-02-1253,phone,g2p,cer,0.2377049177885055
442,FY-02-803,phone,g2p,cer,0.2293577939271927
443,FY-02-2069,phone,g2p,cer,0.2465753406286239
444,FY-02-2773,phone,g2p,cer,0.3921568691730499
445,FY-02-3192,phone,g2p,cer,0.2121212184429168
446,FY-02-3364,phone,g2p,cer,0.3333333432674408
447,FY-02-2337,phone,g2p,cer,0.1849315017461776
448,FY-02-241,phone,g2p,cer,0.3541666567325592
449,FY-02-571,phone,g2p,cer,0.1029411777853965
450,FY-02-2574,phone,g2p,cer,0.1279069781303405
451,FY-02-284,phone,g2p,cer,0.3258427083492279
452,FY-02-1563,phone,g2p,cer,0.2212389409542083
453,FY-02-599,phone,g2p,cer,0.3086419701576233
454,FY-02-2876,phone,g2p,cer,0.2000000029802322
455,FY-02-1529,phone,g2p,cer,0.4000000059604645
456,FY-02-3026,phone,g2p,cer,0.2424242496490478
457,FY-02-2769,phone,g2p,cer,0.2173912972211837
458,FY-02-1256,phone,g2p,cer,0.2051282078027725
459,FY-02-2508,phone,g2p,cer,0.4000000059604645
460,FY-02-3349,phone,g2p,cer,0.1397849470376968
461,FY-02-3295,phone,g2p,cer,0.3246753215789795
462,FY-02-2200,phone,g2p,cer,0.1959459483623504
463,FY-02-521,phone,g2p,cer,0.1688311696052551
464,FY-02-382,phone,g2p,cer,0.1844660192728042
465,FY-02-946,phone,g2p,cer,0.2344827651977539
466,FY-02-1939,phone,g2p,cer,0.3240740597248077
467,FY-02-1370,phone,g2p,cer,0.3478260934352875
468,FY-02-642,phone,g2p,cer,0.1228070184588432
469,FY-02-1556,phone,g2p,cer,0.2828282713890075
470,FY-02-3320,phone,g2p,cer,0.2162162214517593
471,FY-02-2719,phone,g2p,cer,0.4210526347160339
472,FY-02-193,phone,g2p,cer,0.2376237660646438
473,FY-02-2668,phone,g2p,cer,0.1710526347160339
474,FY-02-1475,phone,g2p,cer,0.2266666740179062
475,FY-02-1300,phone,g2p,cer,0.1428571492433548
476,FY-02-1360,phone,g2p,cer,0.2000000029802322
477,FY-02-896,phone,g2p,cer,0.125
478,FY-02-3287,phone,g2p,cer,0.125
479,FY-02-3416,phone,g2p,cer,0.3018867969512939
480,FY-02-2220,phone,g2p,cer,0.2452830225229263
481,FY-02-1143,phone,g2p,cer,0.1875
482,FY-02-223,phone,g2p,cer,0.2410714328289032
483,FY-02-2458,phone,g2p,cer,0.1230769231915474
484,FY-02-573,phone,g2p,cer,0.1794871836900711
485,FY-02-2531,phone,g2p,cer,0.375
486,FY-02-2554,phone,g2p,cer,0.2419354766607284
487,FY-02-1110,phone,g2p,cer,0.2042253464460373
488,FY-02-929,phone,g2p,cer,0.0638297870755195
489,FY-02-1299,phone,g2p,cer,0.2615384757518768
490,FY-02-1030,phone,g2p,cer,0.3294117748737335
491,FY-02-342,phone,g2p,cer,0.1764705926179886
492,FY-02-2345,phone,g2p,cer,0.2142857164144516
493,FY-02-1533,phone,g2p,cer,0.1636363565921783
494,FY-02-1126,phone,g2p,cer,0.1219512224197387
495,FY-02-238,phone,g2p,cer,0.2162162214517593
496,FY-02-1220,phone,g2p,cer,0.2738095223903656
497,FY-02-2228,phone,g2p,cer,0.1935483813285827
498,FY-02-201,phone,g2p,cer,0.2195121943950653
499,FY-02-3326,phone,g2p,cer,0.3424657583236694
500,FY-02-2515,phone,real,cer,0.233333334326744
501,FY-02-711,phone,real,cer,0.1855670064687729
502,FY-02-1429,phone,real,cer,0.2132352888584137
503,FY-02-1338,phone,real,cer,0.2769230902194977
504,FY-02-1937,phone,real,cer,0.1818181872367859
505,FY-02-2678,phone,real,cer,0.2843137383460998
506,FY-02-2851,phone,real,cer,0.3185185194015503
507,FY-02-2016,phone,real,cer,0.2222222238779068
508,FY-02-510,phone,real,cer,0.1875
509,FY-02-474,phone,real,cer,0.251908391714096
510,FY-02-2509,phone,real,cer,0.3571428656578064
511,FY-02-1726,phone,real,cer,0.1566265076398849
512,FY-02-962,phone,real,cer,0.3362068831920624
513,FY-02-2853,phone,real,cer,0.0843373462557792
514,FY-02-543,phone,real,cer,0.2982456088066101
515,FY-02-1501,phone,real,cer,0.2479999959468841
516,FY-02-2208,phone,real,cer,0.2481751888990402
517,FY-02-857,phone,real,cer,0.2988505661487579
518,FY-02-2499,phone,real,cer,0.1770833283662796
519,FY-02-684,phone,real,cer,0.2588235437870025
520,FY-02-261,phone,real,cer,0.4268292784690857
521,FY-02-1092,phone,real,cer,0.2474226802587509
522,FY-02-365,phone,real,cer,0.2266666740179062
523,FY-02-905,phone,real,cer,0.2954545319080353
524,FY-02-3075,phone,real,cer,0.2884615361690521
525,FY-02-519,phone,real,cer,0.2936508059501648
526,FY-02-68,phone,real,cer,0.1588785052299499
527,FY-02-2616,phone,real,cer,0.3030303120613098
528,FY-02-1222,phone,real,cer,0.3333333432674408
529,FY-02-2384,phone,real,cer,0.1428571492433548
530,FY-02-2162,phone,real,cer,0.3833333253860473
531,FY-02-1888,phone,real,cer,0.3137255012989044
532,FY-02-1093,phone,real,cer,0.1969697028398513
533,FY-02-456,phone,real,cer,0.2051282078027725
534,FY-02-3037,phone,real,cer,0.251968502998352
535,FY-02-3211,phone,real,cer,0.3309352397918701
536,FY-02-1372,phone,real,cer,0.2937062978744507
537,FY-02-3288,phone,real,cer,0.2105263173580169
538,FY-02-24,phone,real,cer,0.3846153914928436
539,FY-02-2327,phone,real,cer,0.2843137383460998
540,FY-02-2573,phone,real,cer,0.2771084308624267
541,FY-02-1253,phone,real,cer,0.2131147533655166
542,FY-02-803,phone,real,cer,0.2935779690742492
543,FY-02-2069,phone,real,cer,0.3424657583236694
544,FY-02-2773,phone,real,cer,0.3529411852359772
545,FY-02-3192,phone,real,cer,0.1818181872367859
546,FY-02-3364,phone,real,cer,0.2991453111171722
547,FY-02-2337,phone,real,cer,0.2534246444702148
548,FY-02-241,phone,real,cer,0.0625
549,FY-02-571,phone,real,cer,0.1911764740943908
550,FY-02-2574,phone,real,cer,0.1627907007932663
551,FY-02-284,phone,real,cer,0.1797752827405929
552,FY-02-1563,phone,real,cer,0.2566371560096741
553,FY-02-599,phone,real,cer,0.2345678955316543
554,FY-02-2876,phone,real,cer,0.2666666805744171
555,FY-02-1529,phone,real,cer,0.5
556,FY-02-3026,phone,real,cer,0.3030303120613098
557,FY-02-2769,phone,real,cer,0.4347825944423675
558,FY-02-1256,phone,real,cer,0.2307692319154739
559,FY-02-2508,phone,real,cer,0.2000000029802322
560,FY-02-3349,phone,real,cer,0.2043010741472244
561,FY-02-3295,phone,real,cer,0.1818181872367859
562,FY-02-2200,phone,real,cer,0.1283783763647079
563,FY-02-521,phone,real,cer,0.2987012863159179
564,FY-02-382,phone,real,cer,0.1650485396385193
565,FY-02-946,phone,real,cer,0.2482758611440658
566,FY-02-1939,phone,real,cer,0.3055555522441864
567,FY-02-1370,phone,real,cer,0.1739130467176437
568,FY-02-642,phone,real,cer,0.3421052694320678
569,FY-02-1556,phone,real,cer,0.3232323229312897
570,FY-02-3320,phone,real,cer,0.3378378450870514
571,FY-02-2719,phone,real,cer,0.3684210479259491
572,FY-02-193,phone,real,cer,0.2871287167072296
573,FY-02-2668,phone,real,cer,0.328947365283966
574,FY-02-1475,phone,real,cer,0.2800000011920929
575,FY-02-1300,phone,real,cer,0.2030075192451477
576,FY-02-1360,phone,real,cer,0.3294117748737335
577,FY-02-896,phone,real,cer,0.625
578,FY-02-3287,phone,real,cer,0.2386363595724105
579,FY-02-3416,phone,real,cer,0.2547169923782348
580,FY-02-2220,phone,real,cer,0.3207547068595886
581,FY-02-1143,phone,real,cer,0.234375
582,FY-02-223,phone,real,cer,0.2678571343421936
583,FY-02-2458,phone,real,cer,0.2307692319154739
584,FY-02-573,phone,real,cer,0.2051282078027725
585,FY-02-2531,phone,real,cer,0.2019230723381042
586,FY-02-2554,phone,real,cer,0.2741935551166534
587,FY-02-1110,phone,real,cer,0.2746478915214538
588,FY-02-929,phone,real,cer,0.2021276652812957
589,FY-02-1299,phone,real,cer,0.2000000029802322
590,FY-02-1030,phone,real,cer,0.2823529541492462
591,FY-02-342,phone,real,cer,0.3529411852359772
592,FY-02-2345,phone,real,cer,0.2142857164144516
593,FY-02-1533,phone,real,cer,0.3363636434078216
594,FY-02-1126,phone,real,cer,0.1585365831851959
595,FY-02-238,phone,real,cer,0.2432432472705841
596,FY-02-1220,phone,real,cer,0.2976190447807312
597,FY-02-2228,phone,real,cer,0.2365591377019882
598,FY-02-201,phone,real,cer,0.3008130192756653
599,FY-02-3326,phone,real,cer,0.3287671208381653
600,FY-02-1030,feature,phonerec,mos,3.1355855
601,FY-02-1092,feature,phonerec,mos,3.822463
602,FY-02-1093,feature,phonerec,mos,2.6605737
603,FY-02-1110,feature,phonerec,mos,2.81142
604,FY-02-1126,feature,phonerec,mos,3.531361
605,FY-02-1143,feature,phonerec,mos,3.0048466
606,FY-02-1220,feature,phonerec,mos,3.432196
607,FY-02-1222,feature,phonerec,mos,2.918192
608,FY-02-1253,feature,phonerec,mos,3.6808038
609,FY-02-1256,feature,phonerec,mos,3.9721136
610,FY-02-1299,feature,phonerec,mos,3.3057761
611,FY-02-1300,feature,phonerec,mos,2.9059398
612,FY-02-1338,feature,phonerec,mos,3.835037
613,FY-02-1360,feature,phonerec,mos,2.9317927
614,FY-02-1370,feature,phonerec,mos,4.0021434
615,FY-02-1372,feature,phonerec,mos,2.9741464
616,FY-02-1429,feature,phonerec,mos,2.747638
617,FY-02-1475,feature,phonerec,mos,2.9088671
618,FY-02-1501,feature,phonerec,mos,3.4850583
619,FY-02-1529,feature,phonerec,mos,2.7729154
620,FY-02-1533,feature,phonerec,mos,3.2217755
621,FY-02-1556,feature,phonerec,mos,2.2223125
622,FY-02-1563,feature,phonerec,mos,3.7263153
623,FY-02-1726,feature,phonerec,mos,3.3422518
624,FY-02-1888,feature,phonerec,mos,2.7040582
625,FY-02-193,feature,phonerec,mos,3.2922962
626,FY-02-1937,feature,phonerec,mos,3.9198174
627,FY-02-1939,feature,phonerec,mos,2.5145862
628,FY-02-201,feature,phonerec,mos,3.532589
629,FY-02-2016,feature,phonerec,mos,3.3453472
630,FY-02-2069,feature,phonerec,mos,2.7432995
631,FY-02-2162,feature,phonerec,mos,3.6390905
632,FY-02-2200,feature,phonerec,mos,3.4463584
633,FY-02-2208,feature,phonerec,mos,3.715657
634,FY-02-2220,feature,phonerec,mos,2.9720044
635,FY-02-2228,feature,phonerec,mos,2.602378
636,FY-02-223,feature,phonerec,mos,2.9087205
637,FY-02-2327,feature,phonerec,mos,4.0113006
638,FY-02-2337,feature,phonerec,mos,2.690239
639,FY-02-2345,feature,phonerec,mos,3.4901392
640,FY-02-238,feature,phonerec,mos,2.7651434
641,FY-02-2384,feature,phonerec,mos,2.4846678
642,FY-02-24,feature,phonerec,mos,2.4557948
643,FY-02-241,feature,phonerec,mos,3.8361895
644,FY-02-2458,feature,phonerec,mos,2.4989338
645,FY-02-2499,feature,phonerec,mos,2.9630024
646,FY-02-2508,feature,phonerec,mos,2.854638
647,FY-02-2509,feature,phonerec,mos,2.8912044
648,FY-02-2515,feature,phonerec,mos,3.2563229
649,FY-02-2531,feature,phonerec,mos,3.320866
650,FY-02-2554,feature,phonerec,mos,2.2119052
651,FY-02-2573,feature,phonerec,mos,3.068322
652,FY-02-2574,feature,phonerec,mos,2.7803245
653,FY-02-261,feature,phonerec,mos,2.2853067
654,FY-02-2616,feature,phonerec,mos,2.8044243
655,FY-02-2668,feature,phonerec,mos,2.9757218
656,FY-02-2678,feature,phonerec,mos,2.771096
657,FY-02-2719,feature,phonerec,mos,3.4062834
658,FY-02-2769,feature,phonerec,mos,2.7514262
659,FY-02-2773,feature,phonerec,mos,3.1626563
660,FY-02-284,feature,phonerec,mos,3.0901809
661,FY-02-2851,feature,phonerec,mos,3.0881164
662,FY-02-2853,feature,phonerec,mos,3.1208057
663,FY-02-2876,feature,phonerec,mos,3.7236922
664,FY-02-3026,feature,phonerec,mos,3.2412646
665,FY-02-3037,feature,phonerec,mos,2.4373372
666,FY-02-3075,feature,phonerec,mos,3.7230244
667,FY-02-3192,feature,phonerec,mos,2.7693267
668,FY-02-3211,feature,phonerec,mos,3.7203705
669,FY-02-3287,feature,phonerec,mos,3.6598964
670,FY-02-3288,feature,phonerec,mos,3.7413347
671,FY-02-3295,feature,phonerec,mos,3.9167154
672,FY-02-3320,feature,phonerec,mos,2.7952383
673,FY-02-3326,feature,phonerec,mos,3.0569901
674,FY-02-3349,feature,phonerec,mos,3.3666577
675,FY-02-3364,feature,phonerec,mos,2.4434397
676,FY-02-3416,feature,phonerec,mos,2.5923305
677,FY-02-342,feature,phonerec,mos,3.641381
678,FY-02-365,feature,phonerec,mos,2.975533
679,FY-02-382,feature,phonerec,mos,2.9964542
680,FY-02-456,feature,phonerec,mos,3.6528018
681,FY-02-474,feature,phonerec,mos,2.8135858
682,FY-02-510,feature,phonerec,mos,2.9931514
683,FY-02-519,feature,phonerec,mos,2.9768145
684,FY-02-521,feature,phonerec,mos,2.7244422
685,FY-02-543,feature,phonerec,mos,3.0262208
686,FY-02-571,feature,phonerec,mos,2.7404497
687,FY-02-573,feature,phonerec,mos,2.7919276
688,FY-02-599,feature,phonerec,mos,2.8606868
689,FY-02-642,feature,phonerec,mos,3.571049
690,FY-02-68,feature,phonerec,mos,2.9072328
691,FY-02-684,feature,phonerec,mos,3.3478577
692,FY-02-711,feature,phonerec,mos,2.474929
693,FY-02-803,feature,phonerec,mos,3.4940681
694,FY-02-857,feature,phonerec,mos,3.6603823
695,FY-02-896,feature,phonerec,mos,2.3580801
696,FY-02-905,feature,phonerec,mos,3.4539154
697,FY-02-929,feature,phonerec,mos,3.4460604
698,FY-02-946,feature,phonerec,mos,3.4873261
699,FY-02-962,feature,phonerec,mos,3.2557642
700,FY-02-1030,feature,g2p,mos,3.3252182
701,FY-02-1092,feature,g2p,mos,3.7198799
702,FY-02-1093,feature,g2p,mos,4.2267356
703,FY-02-1110,feature,g2p,mos,3.0150886
704,FY-02-1126,feature,g2p,mos,4.2427177
705,FY-02-1143,feature,g2p,mos,3.9481802
706,FY-02-1220,feature,g2p,mos,3.9400465
707,FY-02-1222,feature,g2p,mos,4.1290555
708,FY-02-1253,feature,g2p,mos,4.183376
709,FY-02-1256,feature,g2p,mos,3.9331172
710,FY-02-1299,feature,g2p,mos,3.8856337
711,FY-02-1300,feature,g2p,mos,3.0954387
712,FY-02-1338,feature,g2p,mos,4.136424
713,FY-02-1360,feature,g2p,mos,2.822813
714,FY-02-1370,feature,g2p,mos,3.7280822
715,FY-02-1372,feature,g2p,mos,3.0120406
716,FY-02-1429,feature,g2p,mos,3.248889
717,FY-02-1475,feature,g2p,mos,3.3539414
718,FY-02-1501,feature,g2p,mos,4.0643888
719,FY-02-1529,feature,g2p,mos,3.6068292
720,FY-02-1533,feature,g2p,mos,3.7512655
721,FY-02-1556,feature,g2p,mos,2.6995602
722,FY-02-1563,feature,g2p,mos,3.1376185
723,FY-02-1726,feature,g2p,mos,4.0521803
724,FY-02-1888,feature,g2p,mos,3.7159443
725,FY-02-193,feature,g2p,mos,3.7625067
726,FY-02-1937,feature,g2p,mos,3.9911833
727,FY-02-1939,feature,g2p,mos,4.207316
728,FY-02-201,feature,g2p,mos,3.308369
729,FY-02-2016,feature,g2p,mos,3.875992
730,FY-02-2069,feature,g2p,mos,3.292179
731,FY-02-2162,feature,g2p,mos,3.33401
732,FY-02-2200,feature,g2p,mos,4.006052
733,FY-02-2208,feature,g2p,mos,4.1689878
734,FY-02-2220,feature,g2p,mos,4.1174006
735,FY-02-2228,feature,g2p,mos,3.8998284
736,FY-02-223,feature,g2p,mos,4.0200324
737,FY-02-2327,feature,g2p,mos,3.912334
738,FY-02-2337,feature,g2p,mos,3.0850232
739,FY-02-2345,feature,g2p,mos,4.053494
740,FY-02-238,feature,g2p,mos,4.1137953
741,FY-02-2384,feature,g2p,mos,3.2177699
742,FY-02-24,feature,g2p,mos,3.6285918
743,FY-02-241,feature,g2p,mos,4.2076054
744,FY-02-2458,feature,g2p,mos,3.9417436
745,FY-02-2499,feature,g2p,mos,2.9632678
746,FY-02-2508,feature,g2p,mos,3.941737
747,FY-02-2509,feature,g2p,mos,3.3960807
748,FY-02-2515,feature,g2p,mos,3.927313
749,FY-02-2531,feature,g2p,mos,3.2350225
750,FY-02-2554,feature,g2p,mos,3.889449
751,FY-02-2573,feature,g2p,mos,3.1293063
752,FY-02-2574,feature,g2p,mos,3.439797
753,FY-02-261,feature,g2p,mos,3.8335536
754,FY-02-2616,feature,g2p,mos,3.814287
755,FY-02-2668,feature,g2p,mos,3.7298737
756,FY-02-2678,feature,g2p,mos,3.3042333
757,FY-02-2719,feature,g2p,mos,3.0330625
758,FY-02-2769,feature,g2p,mos,3.3817432
759,FY-02-2773,feature,g2p,mos,3.6705942
760,FY-02-284,feature,g2p,mos,3.7994506
761,FY-02-2851,feature,g2p,mos,3.1352317
762,FY-02-2853,feature,g2p,mos,3.5019448
763,FY-02-2876,feature,g2p,mos,3.3084528
764,FY-02-3026,feature,g2p,mos,4.211799
765,FY-02-3037,feature,g2p,mos,3.1181073
766,FY-02-3075,feature,g2p,mos,3.3828523
767,FY-02-3192,feature,g2p,mos,3.5912101
768,FY-02-3211,feature,g2p,mos,3.5249784
769,FY-02-3287,feature,g2p,mos,3.7245398
770,FY-02-3288,feature,g2p,mos,3.1316295
771,FY-02-3295,feature,g2p,mos,4.0460715
772,FY-02-3320,feature,g2p,mos,3.8365002
773,FY-02-3326,feature,g2p,mos,4.0206623
774,FY-02-3349,feature,g2p,mos,3.8606434
775,FY-02-3364,feature,g2p,mos,3.6080952
776,FY-02-3416,feature,g2p,mos,3.8350081
777,FY-02-342,feature,g2p,mos,4.0639257
778,FY-02-365,feature,g2p,mos,3.7000768
779,FY-02-382,feature,g2p,mos,3.5034146
780,FY-02-456,feature,g2p,mos,3.8445866
781,FY-02-474,feature,g2p,mos,3.9369738
782,FY-02-510,feature,g2p,mos,3.6010714
783,FY-02-519,feature,g2p,mos,3.2951581
784,FY-02-521,feature,g2p,mos,4.0531363
785,FY-02-543,feature,g2p,mos,3.490901
786,FY-02-571,feature,g2p,mos,3.2032342
787,FY-02-573,feature,g2p,mos,3.5381784
788,FY-02-599,feature,g2p,mos,3.3745947
789,FY-02-642,feature,g2p,mos,4.085162
790,FY-02-68,feature,g2p,mos,3.4938495
791,FY-02-684,feature,g2p,mos,3.830174
792,FY-02-711,feature,g2p,mos,3.0725243
793,FY-02-803,feature,g2p,mos,3.836496
794,FY-02-857,feature,g2p,mos,3.977864
795,FY-02-896,feature,g2p,mos,2.6804166
796,FY-02-905,feature,g2p,mos,3.6963944
797,FY-02-929,feature,g2p,mos,3.9241765
798,FY-02-946,feature,g2p,mos,3.867825
799,FY-02-962,feature,g2p,mos,3.2693563
800,FY-02-1030,feature,real,mos,3.1858659
801,FY-02-1092,feature,real,mos,3.7734833
802,FY-02-1093,feature,real,mos,3.9215336
803,FY-02-1110,feature,real,mos,3.5490978
804,FY-02-1126,feature,real,mos,4.252177
805,FY-02-1143,feature,real,mos,3.370756
806,FY-02-1220,feature,real,mos,3.5754519
807,FY-02-1222,feature,real,mos,3.1398034
808,FY-02-1253,feature,real,mos,3.8820155
809,FY-02-1256,feature,real,mos,4.0576477
810,FY-02-1299,feature,real,mos,3.2661297
811,FY-02-1300,feature,real,mos,3.3454213
812,FY-02-1338,feature,real,mos,4.1772604
813,FY-02-1360,feature,real,mos,2.3455086
814,FY-02-1370,feature,real,mos,4.1671863
815,FY-02-1372,feature,real,mos,3.535638
816,FY-02-1429,feature,real,mos,3.4027898
817,FY-02-1475,feature,real,mos,3.6859918
818,FY-02-1501,feature,real,mos,4.0859504
819,FY-02-1529,feature,real,mos,3.6347053
820,FY-02-1533,feature,real,mos,3.529194
821,FY-02-1556,feature,real,mos,3.1861482
822,FY-02-1563,feature,real,mos,3.5195808
823,FY-02-1726,feature,real,mos,4.2231216
824,FY-02-1888,feature,real,mos,3.3372254
825,FY-02-193,feature,real,mos,3.6932695
826,FY-02-1937,feature,real,mos,4.177079
827,FY-02-1939,feature,real,mos,3.7887602
828,FY-02-201,feature,real,mos,3.6129591
829,FY-02-2016,feature,real,mos,4.205665
830,FY-02-2069,feature,real,mos,3.2351255
831,FY-02-2162,feature,real,mos,3.8570986
832,FY-02-2200,feature,real,mos,4.0427923
833,FY-02-2208,feature,real,mos,3.999723
834,FY-02-2220,feature,real,mos,4.129996
835,FY-02-2228,feature,real,mos,3.1545706
836,FY-02-223,feature,real,mos,3.5150614
837,FY-02-2327,feature,real,mos,4.048583
838,FY-02-2337,feature,real,mos,3.1390965
839,FY-02-2345,feature,real,mos,3.7994983
840,FY-02-238,feature,real,mos,3.9073892
841,FY-02-2384,feature,real,mos,3.0708976
842,FY-02-24,feature,real,mos,3.3648062
843,FY-02-241,feature,real,mos,4.2148485
844,FY-02-2458,feature,real,mos,3.5423846
845,FY-02-2499,feature,real,mos,3.3373277
846,FY-02-2508,feature,real,mos,3.1467915
847,FY-02-2509,feature,real,mos,3.1889098
848,FY-02-2515,feature,real,mos,3.8229795
849,FY-02-2531,feature,real,mos,3.921125
850,FY-02-2554,feature,real,mos,3.4526646
851,FY-02-2573,feature,real,mos,2.776478
852,FY-02-2574,feature,real,mos,3.6835713
853,FY-02-261,feature,real,mos,2.9040105
854,FY-02-2616,feature,real,mos,3.6086903
855,FY-02-2668,feature,real,mos,3.975143
856,FY-02-2678,feature,real,mos,3.9405038
857,FY-02-2719,feature,real,mos,3.6109276
858,FY-02-2769,feature,real,mos,3.581345
859,FY-02-2773,feature,real,mos,3.8673227
860,FY-02-284,feature,real,mos,3.9926562
861,FY-02-2851,feature,real,mos,3.2821279
862,FY-02-2853,feature,real,mos,3.9610703
863,FY-02-2876,feature,real,mos,3.8403647
864,FY-02-3026,feature,real,mos,4.279924
865,FY-02-3037,feature,real,mos,3.2321885
866,FY-02-3075,feature,real,mos,3.723037
867,FY-02-3192,feature,real,mos,3.4380872
868,FY-02-3211,feature,real,mos,4.027391
869,FY-02-3287,feature,real,mos,3.940882
870,FY-02-3288,feature,real,mos,4.025987
871,FY-02-3295,feature,real,mos,4.0854087
872,FY-02-3320,feature,real,mos,2.7959926
873,FY-02-3326,feature,real,mos,4.0603004
874,FY-02-3349,feature,real,mos,4.1170163
875,FY-02-3364,feature,real,mos,2.8614383
876,FY-02-3416,feature,real,mos,3.8793383
877,FY-02-342,feature,real,mos,3.803141
878,FY-02-365,feature,real,mos,3.8369982
879,FY-02-382,feature,real,mos,3.2246354
880,FY-02-456,feature,real,mos,4.00982
881,FY-02-474,feature,real,mos,3.9723136
882,FY-02-510,feature,real,mos,3.837422
883,FY-02-519,feature,real,mos,3.191853
884,FY-02-521,feature,real,mos,3.474866
885,FY-02-543,feature,real,mos,3.8651414
886,FY-02-571,feature,real,mos,3.9226453
887,FY-02-573,feature,real,mos,4.0338764
888,FY-02-599,feature,real,mos,3.2227035
889,FY-02-642,feature,real,mos,3.5549722
890,FY-02-68,feature,real,mos,3.9089441
891,FY-02-684,feature,real,mos,3.8666203
892,FY-02-711,feature,real,mos,3.8902166
893,FY-02-803,feature,real,mos,3.515966
894,FY-02-857,feature,real,mos,4.149265
895,FY-02-896,feature,real,mos,3.4101462
896,FY-02-905,feature,real,mos,3.1564217
897,FY-02-929,feature,real,mos,4.2503858
898,FY-02-946,feature,real,mos,3.9947002
899,FY-02-962,feature,real,mos,3.7783988
900,FY-02-1030,phone,phonerec,mos,2.6613343
901,FY-02-1092,phone,phonerec,mos,2.392517
902,FY-02-1093,phone,phonerec,mos,2.3599362
903,FY-02-1110,phone,phonerec,mos,2.7630138
904,FY-02-1126,phone,phonerec,mos,3.407476
905,FY-02-1143,phone,phonerec,mos,3.4540682
906,FY-02-1220,phone,phonerec,mos,3.1172757
907,FY-02-1222,phone,phonerec,mos,2.7283225
908,FY-02-1253,phone,phonerec,mos,3.2401383
909,FY-02-1256,phone,phonerec,mos,2.5971093
910,FY-02-1299,phone,phonerec,mos,3.2513614
911,FY-02-1300,phone,phonerec,mos,2.4951158
912,FY-02-1338,phone,phonerec,mos,3.0658205
913,FY-02-1360,phone,phonerec,mos,2.2961779
914,FY-02-1370,phone,phonerec,mos,4.006688
915,FY-02-1372,phone,phonerec,mos,2.1101575
916,FY-02-1429,phone,phonerec,mos,2.4608238
917,FY-02-1475,phone,phonerec,mos,3.51823
918,FY-02-1501,phone,phonerec,mos,2.5086546
919,FY-02-1529,phone,phonerec,mos,2.2276025
920,FY-02-1533,phone,phonerec,mos,3.1822577
921,FY-02-1556,phone,phonerec,mos,2.4394996
922,FY-02-1563,phone,phonerec,mos,2.939648
923,FY-02-1726,phone,phonerec,mos,3.043397
924,FY-02-1888,phone,phonerec,mos,2.2367177
925,FY-02-193,phone,phonerec,mos,3.2551107
926,FY-02-1937,phone,phonerec,mos,3.8088326
927,FY-02-1939,phone,phonerec,mos,3.2467444
928,FY-02-201,phone,phonerec,mos,2.455432
929,FY-02-2016,phone,phonerec,mos,2.7396798
930,FY-02-2069,phone,phonerec,mos,3.3129725
931,FY-02-2162,phone,phonerec,mos,2.6876638
932,FY-02-2200,phone,phonerec,mos,3.0788245
933,FY-02-2208,phone,phonerec,mos,2.8066216
934,FY-02-2220,phone,phonerec,mos,2.6615565
935,FY-02-2228,phone,phonerec,mos,2.7677412
936,FY-02-223,phone,phonerec,mos,2.3334758
937,FY-02-2327,phone,phonerec,mos,2.615926
938,FY-02-2337,phone,phonerec,mos,2.4819903
939,FY-02-2345,phone,phonerec,mos,3.6332052
940,FY-02-238,phone,phonerec,mos,2.40526
941,FY-02-2384,phone,phonerec,mos,1.9588377
942,FY-02-24,phone,phonerec,mos,2.467785
943,FY-02-241,phone,phonerec,mos,2.5594697
944,FY-02-2458,phone,phonerec,mos,2.555063
945,FY-02-2499,phone,phonerec,mos,2.797407
946,FY-02-2508,phone,phonerec,mos,2.8238618
947,FY-02-2509,phone,phonerec,mos,2.1540916
948,FY-02-2515,phone,phonerec,mos,2.9687138
949,FY-02-2531,phone,phonerec,mos,2.379272
950,FY-02-2554,phone,phonerec,mos,2.4192214
951,FY-02-2573,phone,phonerec,mos,2.4723842
952,FY-02-2574,phone,phonerec,mos,2.9586427
953,FY-02-261,phone,phonerec,mos,2.9493186
954,FY-02-2616,phone,phonerec,mos,2.456825
955,FY-02-2668,phone,phonerec,mos,2.765897
956,FY-02-2678,phone,phonerec,mos,2.252101
957,FY-02-2719,phone,phonerec,mos,2.8647487
958,FY-02-2769,phone,phonerec,mos,2.6736655
959,FY-02-2773,phone,phonerec,mos,3.0640767
960,FY-02-284,phone,phonerec,mos,2.8002064
961,FY-02-2851,phone,phonerec,mos,2.3276625
962,FY-02-2853,phone,phonerec,mos,2.5921645
963,FY-02-2876,phone,phonerec,mos,2.2006145
964,FY-02-3026,phone,phonerec,mos,3.172921
965,FY-02-3037,phone,phonerec,mos,2.315287
966,FY-02-3075,phone,phonerec,mos,3.3647532
967,FY-02-3192,phone,phonerec,mos,2.697459
968,FY-02-3211,phone,phonerec,mos,2.271631
969,FY-02-3287,phone,phonerec,mos,2.5726829
970,FY-02-3288,phone,phonerec,mos,3.395554
971,FY-02-3295,phone,phonerec,mos,2.4445636
972,FY-02-3320,phone,phonerec,mos,2.4519947
973,FY-02-3326,phone,phonerec,mos,3.1058617
974,FY-02-3349,phone,phonerec,mos,3.0031517
975,FY-02-3364,phone,phonerec,mos,2.479739
976,FY-02-3416,phone,phonerec,mos,3.1743195
977,FY-02-342,phone,phonerec,mos,2.7863328
978,FY-02-365,phone,phonerec,mos,2.5000744
979,FY-02-382,phone,phonerec,mos,2.596662
980,FY-02-456,phone,phonerec,mos,2.972384
981,FY-02-474,phone,phonerec,mos,2.8571079
982,FY-02-510,phone,phonerec,mos,2.4183547
983,FY-02-519,phone,phonerec,mos,3.4964187
984,FY-02-521,phone,phonerec,mos,3.1178591
985,FY-02-543,phone,phonerec,mos,3.274191
986,FY-02-571,phone,phonerec,mos,2.5863235
987,FY-02-573,phone,phonerec,mos,3.3374882
988,FY-02-599,phone,phonerec,mos,3.536735
989,FY-02-642,phone,phonerec,mos,2.7996204
990,FY-02-68,phone,phonerec,mos,2.9794307
991,FY-02-684,phone,phonerec,mos,2.7006679
992,FY-02-711,phone,phonerec,mos,2.6723187
993,FY-02-803,phone,phonerec,mos,3.1511202
994,FY-02-857,phone,phonerec,mos,3.0039258
995,FY-02-896,phone,phonerec,mos,3.2018921
996,FY-02-905,phone,phonerec,mos,3.1972876
997,FY-02-929,phone,phonerec,mos,2.9017715
998,FY-02-946,phone,phonerec,mos,2.5926569
999,FY-02-962,phone,phonerec,mos,2.7447507
1000,FY-02-1030,phone,g2p,mos,2.4008772
1001,FY-02-1092,phone,g2p,mos,2.9914272
1002,FY-02-1093,phone,g2p,mos,2.1813166
1003,FY-02-1110,phone,g2p,mos,2.7275975
1004,FY-02-1126,phone,g2p,mos,3.812455
1005,FY-02-1143,phone,g2p,mos,3.3607736
1006,FY-02-1220,phone,g2p,mos,3.3357463
1007,FY-02-1222,phone,g2p,mos,2.9613466
1008,FY-02-1253,phone,g2p,mos,2.9834027
1009,FY-02-1256,phone,g2p,mos,2.9124873
1010,FY-02-1299,phone,g2p,mos,2.751613
1011,FY-02-1300,phone,g2p,mos,2.8602684
1012,FY-02-1338,phone,g2p,mos,2.4202478
1013,FY-02-1360,phone,g2p,mos,2.3416047
1014,FY-02-1370,phone,g2p,mos,3.4773607
1015,FY-02-1372,phone,g2p,mos,2.1464007
1016,FY-02-1429,phone,g2p,mos,2.3020062
1017,FY-02-1475,phone,g2p,mos,2.8100445
1018,FY-02-1501,phone,g2p,mos,3.003903
1019,FY-02-1529,phone,g2p,mos,2.3150887
1020,FY-02-1533,phone,g2p,mos,2.7093837
1021,FY-02-1556,phone,g2p,mos,2.3660965
1022,FY-02-1563,phone,g2p,mos,2.8460171
1023,FY-02-1726,phone,g2p,mos,3.2613564
1024,FY-02-1888,phone,g2p,mos,2.6098828
1025,FY-02-193,phone,g2p,mos,2.9311194
1026,FY-02-1937,phone,g2p,mos,3.4533389
1027,FY-02-1939,phone,g2p,mos,3.453949
1028,FY-02-201,phone,g2p,mos,3.290271
1029,FY-02-2016,phone,g2p,mos,2.5384042
1030,FY-02-2069,phone,g2p,mos,2.969344
1031,FY-02-2162,phone,g2p,mos,2.7192333
1032,FY-02-2200,phone,g2p,mos,2.6367989
1033,FY-02-2208,phone,g2p,mos,3.0051045
1034,FY-02-2220,phone,g2p,mos,2.624384
1035,FY-02-2228,phone,g2p,mos,2.6699362
1036,FY-02-223,phone,g2p,mos,2.8812995
1037,FY-02-2327,phone,g2p,mos,3.180424
1038,FY-02-2337,phone,g2p,mos,2.7611675
1039,FY-02-2345,phone,g2p,mos,3.7672763
1040,FY-02-238,phone,g2p,mos,2.9179106
1041,FY-02-2384,phone,g2p,mos,2.1911511
1042,FY-02-24,phone,g2p,mos,2.412555
1043,FY-02-241,phone,g2p,mos,2.8848512
1044,FY-02-2458,phone,g2p,mos,2.6443393
1045,FY-02-2499,phone,g2p,mos,2.7313428
1046,FY-02-2508,phone,g2p,mos,2.5429506
1047,FY-02-2509,phone,g2p,mos,2.676408
1048,FY-02-2515,phone,g2p,mos,2.968957
1049,FY-02-2531,phone,g2p,mos,2.558158
1050,FY-02-2554,phone,g2p,mos,2.4333081
1051,FY-02-2573,phone,g2p,mos,2.7972202
1052,FY-02-2574,phone,g2p,mos,2.6645002
1053,FY-02-261,phone,g2p,mos,2.9916337
1054,FY-02-2616,phone,g2p,mos,2.2157714
1055,FY-02-2668,phone,g2p,mos,2.7955081
1056,FY-02-2678,phone,g2p,mos,2.4206107
1057,FY-02-2719,phone,g2p,mos,3.733058
1058,FY-02-2769,phone,g2p,mos,2.5054698
1059,FY-02-2773,phone,g2p,mos,3.30478
1060,FY-02-284,phone,g2p,mos,3.5341163
1061,FY-02-2851,phone,g2p,mos,2.3027904
1062,FY-02-2853,phone,g2p,mos,2.7783048
1063,FY-02-2876,phone,g2p,mos,2.2789905
1064,FY-02-3026,phone,g2p,mos,4.1430545
1065,FY-02-3037,phone,g2p,mos,2.3042376
1066,FY-02-3075,phone,g2p,mos,3.1563008
1067,FY-02-3192,phone,g2p,mos,2.4742503
1068,FY-02-3211,phone,g2p,mos,2.6755996
1069,FY-02-3287,phone,g2p,mos,2.5301328
1070,FY-02-3288,phone,g2p,mos,3.0520127
1071,FY-02-3295,phone,g2p,mos,2.6260347
1072,FY-02-3320,phone,g2p,mos,2.5701156
1073,FY-02-3326,phone,g2p,mos,2.9899704
1074,FY-02-3349,phone,g2p,mos,2.5986323
1075,FY-02-3364,phone,g2p,mos,2.5813546
1076,FY-02-3416,phone,g2p,mos,2.792234
1077,FY-02-342,phone,g2p,mos,2.8940856
1078,FY-02-365,phone,g2p,mos,3.0361416
1079,FY-02-382,phone,g2p,mos,2.3552496
1080,FY-02-456,phone,g2p,mos,2.7606847
1081,FY-02-474,phone,g2p,mos,2.6241038
1082,FY-02-510,phone,g2p,mos,2.3385508
1083,FY-02-519,phone,g2p,mos,2.9557414
1084,FY-02-521,phone,g2p,mos,2.4054675
1085,FY-02-543,phone,g2p,mos,2.4732597
1086,FY-02-571,phone,g2p,mos,3.1559474
1087,FY-02-573,phone,g2p,mos,2.9122398
1088,FY-02-599,phone,g2p,mos,2.5875092
1089,FY-02-642,phone,g2p,mos,2.8884487
1090,FY-02-68,phone,g2p,mos,2.3712208
1091,FY-02-684,phone,g2p,mos,3.0263584
1092,FY-02-711,phone,g2p,mos,2.3270936
1093,FY-02-803,phone,g2p,mos,2.6807764
1094,FY-02-857,phone,g2p,mos,2.7711318
1095,FY-02-896,phone,g2p,mos,2.698807
1096,FY-02-905,phone,g2p,mos,3.10204
1097,FY-02-929,phone,g2p,mos,2.9898086
1098,FY-02-946,phone,g2p,mos,3.2808065
1099,FY-02-962,phone,g2p,mos,2.5090497
1100,FY-02-1030,phone,real,mos,2.5687294
1101,FY-02-1092,phone,real,mos,2.6745753
1102,FY-02-1093,phone,real,mos,2.6640108
1103,FY-02-1110,phone,real,mos,2.8684962
1104,FY-02-1126,phone,real,mos,3.5436502
1105,FY-02-1143,phone,real,mos,2.5270095
1106,FY-02-1220,phone,real,mos,2.9362376
1107,FY-02-1222,phone,real,mos,2.161793
1108,FY-02-1253,phone,real,mos,3.0334175
1109,FY-02-1256,phone,real,mos,3.150421
1110,FY-02-1299,phone,real,mos,2.949635
1111,FY-02-1300,phone,real,mos,2.854006
1112,FY-02-1338,phone,real,mos,2.4436176
1113,FY-02-1360,phone,real,mos,2.6155179
1114,FY-02-1370,phone,real,mos,3.5983126
1115,FY-02-1372,phone,real,mos,2.1564722
1116,FY-02-1429,phone,real,mos,2.183157
1117,FY-02-1475,phone,real,mos,3.0275412
1118,FY-02-1501,phone,real,mos,2.7841628
1119,FY-02-1529,phone,real,mos,2.4404142
1120,FY-02-1533,phone,real,mos,2.5166323
1121,FY-02-1556,phone,real,mos,2.257049
1122,FY-02-1563,phone,real,mos,2.7744834
1123,FY-02-1726,phone,real,mos,2.9055407
1124,FY-02-1888,phone,real,mos,2.8791997
1125,FY-02-193,phone,real,mos,2.7356598
1126,FY-02-1937,phone,real,mos,2.9681885
1127,FY-02-1939,phone,real,mos,3.2238061
1128,FY-02-201,phone,real,mos,2.2835064
1129,FY-02-2016,phone,real,mos,2.7322323
1130,FY-02-2069,phone,real,mos,2.6664233
1131,FY-02-2162,phone,real,mos,3.476283
1132,FY-02-2200,phone,real,mos,2.6130495
1133,FY-02-2208,phone,real,mos,2.2844121
1134,FY-02-2220,phone,real,mos,2.701184
1135,FY-02-2228,phone,real,mos,2.3326044
1136,FY-02-223,phone,real,mos,2.5198545
1137,FY-02-2327,phone,real,mos,2.8560936
1138,FY-02-2337,phone,real,mos,2.3627002
1139,FY-02-2345,phone,real,mos,3.5247138
1140,FY-02-238,phone,real,mos,2.1868618
1141,FY-02-2384,phone,real,mos,2.3354886
1142,FY-02-24,phone,real,mos,2.3585613
1143,FY-02-241,phone,real,mos,3.918284
1144,FY-02-2458,phone,real,mos,2.6246316
1145,FY-02-2499,phone,real,mos,2.5399303
1146,FY-02-2508,phone,real,mos,2.1330163
1147,FY-02-2509,phone,real,mos,2.1461225
1148,FY-02-2515,phone,real,mos,2.6786008
1149,FY-02-2531,phone,real,mos,2.187777
1150,FY-02-2554,phone,real,mos,2.255478
1151,FY-02-2573,phone,real,mos,2.5897813
1152,FY-02-2574,phone,real,mos,2.882784
1153,FY-02-261,phone,real,mos,2.5616102
1154,FY-02-2616,phone,real,mos,2.3549645
1155,FY-02-2668,phone,real,mos,2.2654903
1156,FY-02-2678,phone,real,mos,2.3092194
1157,FY-02-2719,phone,real,mos,3.1005607
1158,FY-02-2769,phone,real,mos,2.5349467
1159,FY-02-2773,phone,real,mos,2.8348687
1160,FY-02-284,phone,real,mos,2.6886904
1161,FY-02-2851,phone,real,mos,2.5383751
1162,FY-02-2853,phone,real,mos,2.8668659
1163,FY-02-2876,phone,real,mos,2.3914092
1164,FY-02-3026,phone,real,mos,2.9422715
1165,FY-02-3037,phone,real,mos,2.48259
1166,FY-02-3075,phone,real,mos,2.8862221
1167,FY-02-3192,phone,real,mos,3.6576757
1168,FY-02-3211,phone,real,mos,2.2384202
1169,FY-02-3287,phone,real,mos,2.6328182
1170,FY-02-3288,phone,real,mos,3.5133014
1171,FY-02-3295,phone,real,mos,2.6944742
1172,FY-02-3320,phone,real,mos,2.768518
1173,FY-02-3326,phone,real,mos,3.3105657
1174,FY-02-3349,phone,real,mos,3.140782
1175,FY-02-3364,phone,real,mos,2.6037328
1176,FY-02-3416,phone,real,mos,2.4403973
1177,FY-02-342,phone,real,mos,3.1396313
1178,FY-02-365,phone,real,mos,2.3161209
1179,FY-02-382,phone,real,mos,2.2172112
1180,FY-02-456,phone,real,mos,2.7147255
1181,FY-02-474,phone,real,mos,2.6173618
1182,FY-02-510,phone,real,mos,2.6790671
1183,FY-02-519,phone,real,mos,2.6615481
1184,FY-02-521,phone,real,mos,2.14388
1185,FY-02-543,phone,real,mos,2.4175856
1186,FY-02-571,phone,real,mos,2.7314506
1187,FY-02-573,phone,real,mos,2.3605769
1188,FY-02-599,phone,real,mos,2.6137009
1189,FY-02-642,phone,real,mos,2.6203053
1190,FY-02-68,phone,real,mos,2.2827985
1191,FY-02-684,phone,real,mos,2.7380342
1192,FY-02-711,phone,real,mos,2.6469839
1193,FY-02-803,phone,real,mos,2.6430635
1194,FY-02-857,phone,real,mos,2.8161721
1195,FY-02-896,phone,real,mos,2.6931555
1196,FY-02-905,phone,real,mos,3.1242857
1197,FY-02-929,phone,real,mos,3.1522062
1198,FY-02-946,phone,real,mos,2.66032
1199,FY-02-962,phone,real,mos,2.3179832
